{
  "K": [
    [
      264.99616431,
      0.0,
      322.20416852
    ],
    [
      0.0,
      748.29964971,
      250.42399562
    ],
    [
      0.0,
      0.0,
      1.0
    ]
  ],
  "D": [
    [
      0.30360579
    ],
    [
      -0.48612121
    ],
    [
      -0.01550456
    ],
    [
      -0.06136827
    ],
    [
      -1.27632336
    ]
  ],
  "image_size": [
    640,
    480
  ],
  "R": [
    [
      -0.9981896563984552,
      0.05578720234829237,
      0.022476608135672295
    ],
    [
      0.014098177703788399,
      -0.14626929349061701,
      0.989144344960425
    ],
    [
      0.05846923331604658,
      0.9876705330401968,
      0.14521799791874068
    ]
  ],
  "t": [
    [
      0.23265400851275267
    ],
    [
      0.08580307404954625
    ],
    [
      0.27928810391637754
    ]
  ]
}